,age_upon_outcome,animal_id,animal_type,breed,name,gender,
1,3 years,D1111,Dog,Australian Shepherd,Jasper,Neutered Male,
2,1 year,D1112,Dog,Australian Shepherd,River,Spayed Female,
3,2 years,D1113,Dog,German Shepherd,Frank,Unknown,
4,7 months,D1114,Dog,German Shepherd,Dan,Intact Female,
5,2 years,D1115,Dog,Golden Retriever,Luke,Neutered Male,
6,5 years,D1116,Dog,Golden Retriever,Lucy,Spayed Female,
7,2 years,D1117,Dog,Pit Bull,Seth,Unknown,
8,1 year,D1118,Dog,Pit Bull,Mia,Spayed Female,
9,3 years,D1119,Dog,Dobermann Pinscher,Blessing,Spayed Female,
10,3 months,D1110,Dog,Dobermann Pinscher,Taylor,Spayed Female,
11,1 year,D11101,Dog,Boxer,Belle,Spayed Female,
12,1 year,D11102,Dog,Boxer,Sherlock,Neutered Male,
13,1 year,D11103,Dog,Mastiff,Nyla,Spayed Female,
14,2 years,D11104,Dog,Mastiff,Kawhi,Neutered Male,
15,3 years,D11105,Dog,Dalmatian,Marcus,Unknown,
16,5 years,D11106,Dog,Dalmation,Gretchen,Spayed Female,
17,6 months,D11107,Dog,Great Dane,Gigi,Spayed Female,
18,2 months,D11108,Dog,Great Dane,Bodi,Spayed Female,
19,4 months,D11109,Dog,Newfoundland,Toad,Neutered Male,
20,1 year,D11100,Dog,Newfoundland,George,Neutered Male,
21,2 years,D111001,Dog,Cane Corso,Mia,Spayed Female,
22,5 years,D111002,Dog,Cane Corso,Blackie,Neutered Male,
23,2 years,D111003,Dog,Bernese Mountain Dog,Shadow,Intact Male,
24,3 weeks,D111004,Dog,Bernese Mountain Dog,Dream,Unknown,
25,2 months,D111005,Dog,Irish Wolfhound,Star,Spayed Female,
26,1 year,D111006,Dog,Irish Wolfhound,Ikko,Intact Female,
27,2 years,D111007,Dog,Border Collie,Burro,Neutered Male,
28,1 year,D111008,Dog,Border Collie,Tallulah,Spayed Female,
29,2 months,D111009,Dog,English Pointer,Piki,Intact Male,
30,3 years,D11,Dog,English Pointer,Brawndo,Neutered Male,
31,5 years,D12,Dog,Husky,Daisy,Spayed Female,
32,3 months,D13,Dog,Husky,Dinah,Spayed Female,
33,2 years,D14,Dog,Beagle,Jack,Intact Female,
34,3 months,D15,Dog,Beagle,Ty,Unknown,
35,7 years,D16,Dog,Pug,Summer,Neutered Male,
36,6 months,D17,Dog,Pug,Rissa,Intact Female,
37,3 months,D18,Dog,Rottweiler,Mojito,Spayed Female,
38,2 months,D19,Dog,Rottweiler,Rambo,Neutered Male,
39,1 year,D10,Dog,Chow Chow,Puppy,Intact Female,
40,2 months,D0,Dog,Chow Chow,Zara,Spayed Female,
41,2 years,D01,Dog,Sheltie,Paisley,Spayed Female,
42,1 year,D02,Dog,Sheltie,Thor,Intact Male,
43,2 years,D03,Dog,Samoyed,Tolliver,Neutered Male,
44,8 years,D04,Dog,Samoyed,Olive,Intact Male,
45,6 years,D05,Dog,Cocker Spaniel,Brownie,Neutered Male,
46,1 month,D06,Dog,Cocker Spaniel,Blynn,Intact Male,
47,3 years,D07,Dog,Shetland Sheepdog,Ziegen,Neutered Male,
48,1 year,D08,Dog,Shetland Sheepdog,Kiki,Spayed Female,
49,8 years,D09,Dog,Catahoula Leopard Dog,Coco,Neutered Male,
50,2 years,D001,Dog,Catahoula Leopard Dog,Lanie,Spayed Female,
51,2 years,C1111,Cat,Maine Coon,Max,Intact Female,
52,1 weeks,C1112,Cat,Maine Coon,Carlos,Intact Male,
53,4 weeks,C1113,Cat,Siamese,Blue,Intact Male,
54,1 year,C1114,Cat,Siamese,Lola,Spayed Female,
55,6 years,C1115,Cat,Ragdoll,Scruffy,Neutered Male,
56,1 month,C1116,Cat,Ragdoll,Misty,Intact Female,
57,7 years,C1117,Cat,British Shorthair,Coco,Spayed Female,
58,1 year,C1118,Cat,British Shorthair,Chai,Spayed Female,
59,4 years,C1119,Cat,Sphynx ,Ping,Neutered Male,
60,2 months,C1110,Cat,Sphynx ,Sally,Spayed Female,
61,1 year,C11101,Cat,Scottish Fold,Tie,Spayed Female,
62,1 year,C11102,Cat,Scottish Fold,Jackson,Neutered Male,
63,2 years,C11103,Cat,Persian,Lilly,Spayed Female,
64,1 year,C11104,Cat,Persian,Daisy,Spayed Female,
65,10 years,C11105,Cat,Siberian,Milo,Neutered Male,
66,6 months,C11106,Cat,Siberian,Bailey,Unknown,
67,12 years,C11107,Cat,Russian Blue,Toodles,Neutered Male,
68,4 years,C11108,Cat,Russian Blue,Rylie,Neutered Male,
69,3 years,C11109,Cat,Norwegian Forest,Diz,Spayed Female,
70,3 months,C11100,Cat,Norwegian Forest,Enzo,Unknown,
71,2 years,C111001,Cat,Balinese,Forest,Unknown,
72,1 year,C111002,Cat,Balinese,Peanut,Spayed Female,
73,2 months,C111003,Cat,Oriental Shorthair,Sandy,Spayed Female,
74,9 years,C111004,Cat,Oriental Shorthair,Charlie,Neutered Male,
75,5 months,C111005,Cat,Manx,Maxi,Neutered Male,
76,10 months,C111006,Cat,Manx,Whisper,Spayed Female,
77,4 years,C111007,Cat,Savannah,Bebe,Neutered Male,
78,1 year,C111008,Cat,Savannah,Pagani,Neutered Male,
79,4 weeks,C111009,Cat,American Shorthair,Bleu,Unknown,
80,4 months,C11,Cat,American Shorthair,Jon,Neutered Male,
81,11 months,C12,Cat,Bengal,Fred,Neutered Male,
82,3 years,C13,Cat,Bengal,Dewie,Spayed Female,
83,4 years,C14,Cat,Bombay,Kyleigh,Spayed Female,
84,1 year,C15,Cat,Bombay,Goldie,Spayed Female,
85,11 years,C16,Cat,Burmese,Ringo,Neutered Male,
86,6 years,C17,Cat,Burmese,Pepe,Neutered Male,
87,1 year,C18,Cat,Himalayan,Shadow,Neutered Male,
88,7 years,C19,Cat,Himalayan,Bonny,Unknown,
89,1 year,C10,Cat,Havana Brown,Oaxaca,Spayed Female,
90,4 months,C0,Cat,Havana Brown,Coco,Spayed Female,
91,14 years,C01,Cat,Munchkin,Victoria,Spayed Female,
92,2 years,C02,Cat,Munchkin,Luna,Spayed Female,
93,2 months,C03,Cat,Ocicat,Sammy,Neutered Male,
94,2 months,C04,Cat,Ocicat,Marie,Unknown,
95,1 year,C05,Cat,Domestic shorthair,Gringo,Spayed Female,
96,4 months,C06,Cat,Domestic shorthair,Jiji,Spayed Female,
97,2 weeks,C07,Cat,Domestic shorthair,Cole,Intact Female,
98,10 months,C08,Cat,Domestic longhair,Ben,Intact Male,
99,1 year,C09,Cat,Domestic longhair,Calvin,Unknown,
100,2 months,C001,Cat,Domestic longhair,Candy,Neutered Male,